,TEAM,GP,W,L,WIN%,MIN,PTS,FGM,FGA,FG%,3PM,3PA,3P%,FTM,FTA,FT%,OREB,DREB,REB,AST,TOV,STL,BLK,BLKA,PF,PFD,PTD,Year,Conference,Playoffs,Championship
0,Cleveland Cavaliers,82,66,16,0.805,48.2,100.3,36.9,78.7,46.8,8.0,20.4,39.3,18.6,24.5,75.7,10.8,31.4,42.2,20.3,12.7,7.2,5.3,4.1,20.3,20.3,8.9,2008,Eastern,1,0
1,Los Angeles Lakers,82,65,17,0.7929999999999999,48.2,106.9,40.3,85.1,47.4,6.7,18.5,36.1,19.6,25.5,77.0,12.4,31.5,43.9,23.3,13.5,8.8,5.1,4.8,20.7,22.1,7.7,2008,Western,1,1
2,Boston Celtics,82,62,20,0.7559999999999999,48.5,100.9,37.5,77.2,48.6,6.6,16.5,39.7,19.4,25.3,76.5,10.6,31.5,42.1,22.7,15.6,7.6,4.7,4.7,23.1,22.2,7.5,2008,Eastern,1,0
3,Orlando Magic,82,59,23,0.72,48.1,101.0,35.7,78.2,45.7,10.0,26.2,38.1,19.6,27.5,71.5,10.0,33.3,43.3,19.4,13.9,7.0,5.4,3.8,20.3,22.4,6.7,2008,Eastern,1,0
4,Denver Nuggets,82,54,28,0.659,48.1,104.3,37.3,79.4,47.0,6.7,18.0,37.1,23.1,30.3,76.0,11.0,30.6,41.6,22.2,15.3,8.7,6.0,5.5,22.9,23.7,3.4,2008,Western,1,0
5,Portland Trail Blazers,82,54,28,0.659,48.4,99.4,36.8,79.2,46.5,7.3,19.0,38.3,18.5,24.2,76.5,12.9,28.8,41.7,20.3,12.9,6.7,4.9,3.9,20.4,21.1,5.3,2008,Western,1,0
6,San Antonio Spurs,82,54,28,0.659,48.5,97.0,37.1,79.7,46.6,7.6,19.8,38.6,15.2,20.0,76.1,8.9,32.2,41.0,21.2,11.7,5.8,4.0,4.3,18.9,18.4,3.8,2008,Western,1,0
7,Houston Rockets,82,53,29,0.6459999999999999,48.3,98.4,36.1,79.6,45.3,7.6,20.2,37.5,18.7,23.2,80.5,10.5,32.5,43.0,20.3,14.1,6.7,4.3,5.3,18.9,20.6,4.0,2008,Western,1,0
8,Dallas Mavericks,82,50,32,0.61,48.3,101.7,38.1,82.6,46.2,7.0,19.9,35.0,18.5,22.6,81.9,11.1,31.6,42.7,21.7,12.7,7.2,5.2,4.1,19.5,20.1,2.0,2008,Western,1,0
9,New Orleans Pelicans,82,49,33,0.598,48.2,95.8,35.5,77.6,45.7,6.8,18.6,36.4,18.0,22.4,80.7,9.8,29.9,39.7,19.6,12.5,7.2,4.1,3.5,20.3,20.4,1.5,2008,Western,1,0
10,Utah Jazz,82,48,34,0.585,48.5,103.6,38.3,80.8,47.5,4.8,13.7,34.9,22.1,28.7,77.1,11.5,29.5,41.0,24.7,14.8,8.8,4.6,5.2,22.3,24.0,2.6,2008,Western,1,0
11,Atlanta Hawks,82,47,35,0.573,48.1,98.1,36.0,78.7,45.8,7.3,19.9,36.6,18.7,25.4,73.7,10.6,29.4,40.0,20.2,12.8,7.4,4.6,4.3,19.6,20.5,1.6,2008,Eastern,1,0
12,Phoenix Suns,82,46,36,0.561,48.2,109.4,41.1,81.6,50.4,6.7,17.6,38.3,20.4,27.5,74.4,11.0,30.7,41.7,23.2,15.7,7.2,5.1,4.5,20.6,22.9,1.9,2008,Western,0,0
13,Miami Heat,82,43,39,0.524,48.7,98.3,37.0,81.0,45.7,7.1,19.9,35.7,17.2,22.8,75.4,10.1,29.4,39.5,20.4,12.5,7.9,5.5,4.1,20.7,19.9,0.3,2008,Eastern,1,0
14,Chicago Bulls,82,41,41,0.5,48.6,102.2,38.1,83.5,45.7,6.0,15.8,38.1,19.9,25.0,79.6,11.8,30.3,42.1,21.1,14.5,7.5,5.5,5.5,20.8,20.8,-0.3,2008,Eastern,1,0
15,Philadelphia 76ers,82,41,41,0.5,48.2,97.4,36.5,79.7,45.9,4.2,13.1,31.8,20.1,27.0,74.5,12.7,28.5,41.2,20.1,14.1,8.0,5.1,4.9,20.1,21.8,0.1,2008,Eastern,1,0
16,Detroit Pistons,82,39,43,0.47600000000000003,48.5,94.2,36.4,80.0,45.4,4.6,13.2,34.9,16.9,22.5,75.1,11.6,29.9,41.4,20.6,11.9,6.0,4.6,4.2,20.9,19.7,-0.5,2008,Eastern,1,0
17,Indiana Pacers,82,36,46,0.439,48.4,105.1,39.3,86.3,45.5,8.0,21.0,37.8,18.6,23.0,80.7,11.3,32.5,43.7,21.6,14.5,7.0,5.3,5.4,23.1,20.6,-1.1,2008,Eastern,0,0
18,Charlotte Hornets,82,35,47,0.42700000000000005,48.6,93.6,35.0,76.8,45.5,6.0,16.3,36.6,17.7,24.0,74.0,10.8,28.9,39.7,21.2,15.6,7.1,4.8,6.0,21.4,20.9,-1.3,2008,Eastern,0,0
19,Brooklyn Nets,82,34,48,0.415,48.4,98.1,35.7,79.7,44.8,8.0,21.2,37.6,18.8,24.1,77.9,10.4,29.5,39.8,20.0,13.1,6.8,4.8,4.8,22.4,20.5,-2.4,2008,Eastern,0,0
20,Milwaukee Bucks,82,34,48,0.415,48.2,99.3,36.7,82.4,44.5,6.2,17.2,36.3,19.7,25.2,78.0,11.9,28.9,40.7,22.0,14.1,7.4,3.8,4.6,24.2,22.5,-1.1,2008,Eastern,0,0
21,Toronto Raptors,82,33,49,0.402,48.3,99.0,37.2,81.4,45.8,5.8,15.7,37.2,18.7,22.7,82.4,9.8,30.6,40.4,22.4,13.4,6.4,4.8,4.7,19.4,20.1,-2.8,2008,Eastern,0,0
22,New York Knicks,82,32,50,0.39,48.3,105.2,38.5,86.5,44.5,10.0,27.9,36.0,18.2,23.2,78.4,11.1,31.0,42.1,21.2,14.3,7.4,2.5,5.3,20.4,19.4,-2.6,2008,Eastern,0,0
23,Golden State Warriors,82,29,53,0.354,48.5,108.6,39.4,86.0,45.8,6.7,18.0,37.3,23.1,29.2,79.1,11.6,30.4,42.0,20.9,14.6,7.8,6.4,5.0,22.5,23.5,-3.7,2008,Western,0,0
24,Minnesota Timberwolves,82,24,58,0.293,48.3,97.8,36.4,82.5,44.1,6.6,18.8,35.3,18.3,23.9,76.9,11.9,29.8,41.7,20.4,14.2,6.2,3.9,5.9,21.8,20.0,-4.9,2008,Western,0,0
25,Memphis Grizzlies,82,24,58,0.293,48.3,93.9,34.9,77.0,45.4,4.9,13.5,36.0,19.1,25.3,75.6,10.3,28.5,38.8,17.4,15.3,7.5,4.7,5.4,21.7,21.8,-5.5,2008,Western,0,0
26,Oklahoma City Thunder,82,23,59,0.28,48.3,97.0,36.6,81.9,44.7,4.0,11.6,34.6,19.8,25.2,78.6,12.2,30.5,42.6,20.3,16.2,7.4,4.5,5.0,20.2,20.2,-6.1,2008,Western,0,0
27,Los Angeles Clippers,82,19,63,0.23199999999999998,48.5,95.1,36.0,81.7,44.1,6.5,18.5,35.4,16.5,22.4,73.6,10.9,29.0,39.8,21.0,14.9,7.0,5.9,5.0,20.1,19.6,-8.8,2008,Western,0,0
28,Washington Wizards,82,19,63,0.23199999999999998,48.1,96.1,36.5,81.2,45.0,4.8,14.6,33.0,18.2,23.8,76.7,11.7,28.4,40.1,20.0,14.0,7.5,4.5,5.3,20.5,20.0,-7.5,2008,Eastern,0,0
29,Sacramento Kings,82,17,65,0.207,48.5,100.6,36.5,81.5,44.7,7.1,19.4,36.8,20.5,25.7,79.8,10.2,28.9,39.1,19.7,15.4,6.9,4.3,5.2,23.3,21.2,-8.8,2008,Western,0,0
30,Cleveland Cavaliers,82,61,21,0.7440000000000001,48.2,102.1,37.8,77.9,48.5,7.3,19.3,38.1,19.1,26.6,72.0,9.6,32.8,42.5,22.4,13.9,6.9,5.2,4.0,19.4,20.8,6.5,2009,Eastern,1,0
31,Orlando Magic,82,59,23,0.72,48.1,102.8,36.6,78.0,47.0,10.3,27.3,37.5,19.2,26.5,72.4,9.9,33.4,43.2,19.7,14.1,6.2,5.6,3.5,19.9,22.2,7.5,2009,Eastern,1,0
32,Los Angeles Lakers,82,57,25,0.695,48.4,101.7,38.3,83.8,45.7,6.5,19.0,34.1,18.5,24.2,76.5,11.9,32.5,44.3,21.1,13.4,7.5,4.9,4.4,19.4,21.2,4.7,2009,Western,1,1
33,Dallas Mavericks,82,55,27,0.6709999999999999,48.5,102.0,38.3,82.4,46.4,6.8,18.3,37.2,18.6,22.8,81.6,10.2,31.5,41.7,23.4,12.9,7.6,5.5,4.1,19.1,20.1,2.7,2009,Western,1,0
34,Phoenix Suns,82,54,28,0.659,48.1,110.2,40.7,82.8,49.2,8.9,21.6,41.2,19.9,25.8,77.0,11.1,31.9,43.0,23.3,14.8,5.8,5.1,4.5,20.9,21.8,4.9,2009,Western,1,0
35,Atlanta Hawks,82,53,29,0.6459999999999999,48.4,101.7,38.8,82.9,46.8,6.4,17.7,36.0,17.7,23.3,75.9,11.8,29.9,41.7,21.8,12.0,7.2,5.0,4.4,19.9,19.3,4.7,2009,Eastern,1,0
36,Denver Nuggets,82,53,29,0.6459999999999999,48.2,106.5,38.1,81.4,46.8,6.6,18.5,35.9,23.6,30.6,77.2,10.8,30.5,41.4,21.0,13.9,8.3,5.1,5.3,22.5,23.7,4.1,2009,Western,1,0
37,Utah Jazz,82,53,29,0.6459999999999999,48.2,104.2,39.4,80.2,49.1,5.4,14.7,36.4,20.2,27.2,74.1,10.6,31.6,42.2,26.7,15.2,8.2,4.9,5.4,22.7,22.2,5.3,2009,Western,1,0
38,San Antonio Spurs,82,50,32,0.61,48.2,101.4,38.4,81.2,47.3,6.8,18.9,35.8,17.8,24.0,74.0,10.8,32.0,42.8,22.3,13.6,6.3,4.6,5.1,20.4,20.4,5.1,2009,Western,1,0
39,Oklahoma City Thunder,82,50,32,0.61,48.3,101.5,37.4,80.8,46.2,5.1,15.0,34.0,21.7,27.0,80.5,11.7,31.8,43.5,20.0,15.0,8.0,5.9,4.7,21.3,21.4,3.5,2009,Western,1,0
40,Boston Celtics,82,50,32,0.61,48.2,99.2,37.1,76.8,48.3,6.1,17.5,34.8,19.0,25.5,74.6,8.7,29.9,38.6,23.5,14.9,8.5,4.9,4.7,22.1,21.7,3.7,2009,Eastern,1,0
41,Portland Trail Blazers,82,50,32,0.61,48.4,98.1,36.3,78.7,46.1,6.0,16.9,35.4,19.6,24.8,79.0,11.1,29.1,40.2,20.4,12.3,6.4,4.3,4.1,20.9,21.5,3.3,2009,Western,1,0
42,Miami Heat,82,47,35,0.573,48.5,96.5,36.4,79.5,45.8,6.0,17.4,34.6,17.7,23.5,75.2,10.7,31.1,41.8,18.9,13.2,7.4,5.6,4.3,20.9,20.0,2.3,2009,Eastern,1,0
43,Milwaukee Bucks,82,46,36,0.561,48.7,97.7,37.2,85.3,43.6,7.9,22.1,35.6,15.4,20.4,75.5,11.8,31.2,43.0,21.2,13.2,7.1,4.7,5.1,22.2,20.3,1.7,2009,Eastern,1,0
44,Charlotte Hornets,82,44,38,0.537,48.5,95.3,34.9,76.9,45.3,5.6,16.2,34.6,20.0,26.6,75.1,10.5,30.4,40.8,20.2,15.7,7.7,5.4,6.1,19.5,22.0,1.5,2009,Eastern,1,0
45,Houston Rockets,82,42,40,0.512,48.5,102.4,37.7,84.4,44.7,7.9,22.4,35.1,19.0,24.7,77.2,11.8,30.1,42.0,21.8,14.5,7.1,3.9,6.5,20.9,22.4,-0.4,2009,Western,0,0
46,Chicago Bulls,82,41,41,0.5,48.5,97.5,37.6,83.2,45.1,4.3,13.0,33.0,18.0,23.9,75.4,11.4,33.1,44.5,20.8,14.3,6.5,5.8,5.3,20.1,20.0,-1.6,2009,Eastern,1,0
47,Memphis Grizzlies,82,40,42,0.488,48.5,102.5,39.3,83.8,46.9,4.2,12.4,33.7,19.7,26.9,73.3,13.0,30.4,43.5,18.8,15.2,7.9,4.9,6.1,20.2,22.4,-1.5,2009,Western,0,0
48,Toronto Raptors,82,40,42,0.488,48.2,104.1,39.0,80.9,48.2,6.3,17.0,37.1,19.7,25.8,76.4,9.8,30.6,40.4,22.0,13.4,5.7,4.7,4.4,22.2,21.1,-1.8,2009,Eastern,0,0
49,New Orleans Pelicans,82,37,45,0.451,48.4,100.2,38.8,83.4,46.4,7.0,19.2,36.3,15.8,20.3,77.8,10.4,29.9,40.3,22.3,13.5,7.6,3.7,4.5,19.6,19.5,-2.5,2009,Western,0,0
50,Indiana Pacers,82,32,50,0.39,48.1,100.8,36.8,83.2,44.3,8.0,23.1,34.8,19.1,24.6,77.5,9.6,31.9,41.5,21.1,15.0,7.1,5.4,5.0,22.5,20.8,-3.0,2009,Eastern,0,0
51,New York Knicks,82,29,53,0.354,48.5,102.1,38.1,83.9,45.5,9.1,26.2,34.6,16.8,21.5,78.2,10.2,30.2,40.4,21.6,14.0,7.1,3.7,4.5,20.0,19.2,-3.8,2009,Eastern,0,0
52,Los Angeles Clippers,82,29,53,0.354,48.1,95.7,36.6,80.5,45.5,5.9,17.8,33.2,16.6,22.8,73.0,11.3,30.5,41.8,22.1,15.7,6.5,5.7,4.4,19.3,19.4,-6.4,2009,Western,0,0
53,Philadelphia 76ers,82,27,55,0.32899999999999996,48.3,97.7,37.6,81.8,46.0,5.8,16.8,34.3,16.7,22.0,75.6,11.5,29.5,41.0,21.0,14.5,8.1,5.4,4.0,20.5,18.7,-3.9,2009,Eastern,0,0
54,Detroit Pistons,82,27,55,0.32899999999999996,48.2,94.0,35.9,80.5,44.5,4.6,14.5,31.4,17.7,24.4,72.8,12.8,27.3,40.2,19.4,13.4,7.3,3.8,4.9,22.2,20.8,-5.1,2009,Eastern,0,0
55,Golden State Warriors,82,26,56,0.317,48.1,108.8,40.6,86.5,46.9,7.7,20.6,37.5,19.9,25.4,78.2,9.2,29.2,38.4,22.4,14.7,9.3,4.1,5.0,23.0,21.4,-3.6,2009,Western,0,0
56,Washington Wizards,82,26,56,0.317,48.4,96.2,36.7,81.7,44.9,5.3,14.9,35.3,17.6,23.1,76.2,11.8,30.0,41.8,19.0,14.9,6.0,5.1,5.1,21.4,20.5,-4.8,2009,Eastern,0,0
57,Sacramento Kings,82,25,57,0.305,48.5,100.0,38.3,84.1,45.6,5.9,16.9,34.9,17.4,24.0,72.6,11.9,30.7,42.6,20.5,15.0,6.9,4.5,5.7,22.3,20.1,-4.4,2009,Western,0,0
58,Minnesota Timberwolves,82,15,67,0.183,48.2,98.2,37.9,84.4,44.9,4.9,14.4,34.1,17.5,23.5,74.6,11.7,31.2,42.9,19.8,16.3,7.3,3.7,5.4,20.7,20.6,-9.6,2009,Western,0,0
59,Brooklyn Nets,82,12,70,0.146,48.2,92.4,34.3,79.9,42.9,4.6,14.5,31.8,19.2,24.6,78.0,10.9,28.8,39.7,18.8,14.4,7.0,4.8,5.1,20.0,20.1,-9.1,2009,Eastern,0,0
60,Chicago Bulls,82,62,20,0.7559999999999999,48.4,98.6,37.1,80.3,46.2,6.2,17.3,36.1,18.2,24.5,74.3,11.8,32.4,44.2,22.3,14.2,7.2,5.7,5.8,20.0,20.1,7.3,2010,Eastern,1,0
61,San Antonio Spurs,82,61,21,0.7440000000000001,48.2,103.7,38.4,80.8,47.5,8.4,21.1,39.7,18.5,24.2,76.7,10.1,31.7,41.9,22.4,13.4,7.3,4.5,4.6,19.0,20.7,5.7,2010,Western,1,0
62,Miami Heat,82,58,24,0.7070000000000001,48.2,102.1,37.0,76.8,48.1,6.7,18.0,37.0,21.5,27.9,76.9,9.6,32.5,42.1,20.0,13.9,6.6,5.2,3.0,20.4,21.8,7.5,2010,Eastern,1,0
63,Dallas Mavericks,82,57,25,0.695,48.1,100.2,37.4,78.8,47.5,7.9,21.6,36.5,17.5,22.6,77.7,9.5,31.9,41.4,23.8,14.0,6.8,4.3,3.7,19.2,20.1,4.2,2010,Western,1,1
64,Los Angeles Lakers,82,57,25,0.695,48.4,101.5,38.1,82.4,46.3,6.4,18.1,35.2,18.8,24.1,77.9,12.1,31.9,44.0,22.0,13.1,7.3,5.1,4.5,19.0,20.7,6.1,2010,Western,1,0
65,Boston Celtics,82,56,26,0.6829999999999999,48.2,96.5,36.9,75.8,48.6,5.0,13.6,36.5,17.8,23.1,77.0,7.8,31.0,38.8,23.4,14.6,8.2,4.2,4.4,20.5,20.2,5.4,2010,Eastern,1,0
66,Oklahoma City Thunder,82,55,27,0.6709999999999999,48.8,104.8,37.4,80.6,46.4,5.9,17.1,34.7,24.1,29.3,82.3,11.0,31.8,42.8,20.4,14.1,8.0,5.9,4.3,22.4,21.5,3.8,2010,Western,1,0
67,Orlando Magic,82,52,30,0.634,48.4,99.2,36.0,78.2,46.1,9.4,25.6,36.6,17.7,25.6,69.2,10.5,32.7,43.2,20.0,14.9,6.7,4.7,3.8,20.0,21.8,5.5,2010,Eastern,1,0
68,Denver Nuggets,82,50,32,0.61,48.1,107.5,38.4,80.6,47.6,8.1,20.8,38.8,22.7,29.6,76.5,9.6,32.3,42.0,22.1,14.1,7.4,4.3,6.0,21.0,22.7,4.8,2010,Western,1,0
69,Portland Trail Blazers,82,48,34,0.585,48.3,96.3,36.0,80.5,44.7,6.3,18.3,34.5,18.0,22.4,80.4,12.1,27.2,39.3,21.2,13.0,8.0,4.4,4.1,19.3,21.3,1.5,2010,Western,1,0
70,Memphis Grizzlies,82,46,36,0.561,48.5,99.9,39.0,82.9,47.1,3.8,11.3,33.4,18.1,24.2,75.0,11.8,29.2,41.0,20.6,14.0,9.4,5.4,6.2,20.8,21.4,2.3,2010,Western,1,0
71,New Orleans Pelicans,82,46,36,0.561,48.4,94.9,35.9,78.2,45.9,5.4,15.0,36.0,17.7,23.1,76.5,10.0,30.1,40.1,20.6,13.0,7.6,4.4,4.8,21.0,20.4,0.9,2010,Western,1,0
72,Atlanta Hawks,82,44,38,0.537,48.1,95.0,36.2,78.4,46.2,6.1,17.4,35.2,16.4,21.1,77.9,9.3,30.0,39.3,22.0,13.6,6.1,4.2,4.2,19.0,18.5,-0.8,2010,Eastern,1,0
73,Houston Rockets,82,43,39,0.524,48.5,105.9,38.7,85.1,45.4,8.3,22.5,36.7,20.3,25.4,80.1,11.7,31.1,42.8,23.8,13.5,7.1,4.5,5.5,20.0,21.4,2.2,2010,Western,0,0
74,New York Knicks,82,42,40,0.512,48.2,106.5,38.3,83.7,45.7,9.3,25.4,36.8,20.6,25.5,80.9,10.3,30.1,40.5,21.4,13.7,7.6,5.8,4.4,21.3,20.8,0.8,2010,Eastern,1,0
75,Philadelphia 76ers,82,41,41,0.5,48.6,99.0,38.1,82.6,46.1,5.4,15.2,35.5,17.4,22.6,77.0,10.4,31.4,41.8,22.7,13.0,7.6,4.3,4.6,19.4,18.8,1.5,2010,Eastern,1,0
76,Phoenix Suns,82,40,42,0.488,48.8,105.0,39.3,83.5,47.0,8.5,22.6,37.7,18.0,23.6,75.9,10.0,30.2,40.2,23.7,14.3,6.6,4.4,4.3,20.3,21.2,-0.9,2010,Western,0,0
77,Utah Jazz,82,39,43,0.47600000000000003,48.5,99.4,37.4,80.4,46.5,5.3,15.3,34.6,19.4,25.1,77.1,11.0,28.5,39.5,23.4,14.3,7.7,5.9,5.0,22.7,22.0,-1.8,2010,Western,0,0
78,Indiana Pacers,82,37,45,0.451,48.2,99.8,36.6,82.8,44.2,7.1,20.2,35.4,19.4,24.8,78.2,11.1,32.4,43.5,19.6,15.4,7.1,5.6,5.7,21.7,21.4,-1.1,2010,Eastern,1,0
79,Golden State Warriors,82,36,46,0.439,48.4,103.4,39.6,85.9,46.1,8.4,21.3,39.2,15.7,20.7,76.1,11.6,28.9,40.5,22.5,14.6,9.0,5.0,4.3,22.0,18.4,-2.3,2010,Western,0,0
80,Milwaukee Bucks,82,35,47,0.42700000000000005,48.4,91.9,34.3,79.8,43.0,5.9,17.2,34.2,17.4,22.9,75.7,10.5,30.2,40.8,18.8,13.5,7.5,4.9,4.8,20.5,20.7,-0.8,2010,Eastern,0,0
81,Charlotte Hornets,82,34,48,0.415,48.3,93.3,35.0,77.6,45.1,4.8,14.7,32.7,18.4,24.4,75.6,10.3,29.8,40.1,21.1,14.5,6.4,5.3,6.0,20.0,21.1,-4.0,2010,Eastern,0,0
82,Los Angeles Clippers,82,32,50,0.39,48.4,98.6,36.8,80.4,45.7,6.3,18.5,33.8,18.9,26.7,70.7,11.6,30.5,42.1,22.1,16.4,7.1,4.9,4.9,21.1,22.1,-3.1,2010,Western,0,0
83,Detroit Pistons,82,30,52,0.366,48.5,97.0,37.3,81.1,46.0,5.8,15.3,37.6,16.7,22.6,73.7,11.4,27.3,38.6,21.1,13.0,7.3,4.0,4.6,19.9,18.8,-3.6,2010,Eastern,0,0
84,Brooklyn Nets,82,24,58,0.293,48.8,94.2,35.6,81.0,44.0,5.6,16.3,34.3,17.4,22.9,75.9,11.1,29.8,40.8,21.0,14.0,5.6,4.7,4.6,22.0,20.0,-6.2,2010,Eastern,0,0
85,Sacramento Kings,82,24,58,0.293,48.4,99.4,38.2,85.1,44.9,5.2,15.6,33.5,17.7,24.2,73.4,13.1,30.8,43.9,20.4,16.1,7.4,4.8,5.7,22.0,21.0,-5.3,2010,Western,0,0
86,Washington Wizards,82,23,59,0.28,48.6,97.3,37.2,84.0,44.3,4.8,14.4,33.2,18.2,24.4,74.5,12.4,29.0,41.3,19.4,15.3,8.1,6.1,5.0,22.6,20.3,-7.4,2010,Eastern,0,0
87,Toronto Raptors,82,22,60,0.268,48.2,99.1,38.3,82.4,46.5,4.2,13.3,31.6,18.2,24.1,75.5,11.7,28.6,40.3,21.9,14.7,7.1,4.3,5.6,22.0,19.8,-6.3,2010,Eastern,0,0
88,Cleveland Cavaliers,82,19,63,0.23199999999999998,48.2,95.5,35.2,81.1,43.4,6.2,18.2,34.2,18.9,25.3,74.5,10.4,29.9,40.3,21.0,14.2,6.6,4.2,6.0,20.1,21.3,-9.0,2010,Eastern,0,0
89,Minnesota Timberwolves,82,17,65,0.207,48.2,101.1,37.7,85.5,44.1,7.2,19.1,37.6,18.5,24.1,76.8,13.2,31.2,44.4,20.1,17.0,7.2,5.1,5.5,22.3,20.9,-6.6,2010,Western,0,0
90,Chicago Bulls,66,50,16,0.758,48.3,96.3,37.4,82.8,45.2,6.3,16.9,37.5,15.2,21.1,72.2,13.9,32.8,46.7,23.1,14.0,6.9,5.9,5.2,17.3,17.7,8.2,2011,Eastern,1,0
91,San Antonio Spurs,66,50,16,0.758,48.3,103.7,39.6,82.8,47.8,8.4,21.3,39.3,16.2,21.6,74.8,10.3,32.6,43.0,23.2,13.6,7.4,4.4,5.0,17.3,18.8,7.2,2011,Western,1,0
92,Oklahoma City Thunder,66,47,19,0.7120000000000001,48.5,103.1,37.3,79.2,47.1,7.2,20.0,35.8,21.3,26.4,80.6,11.0,32.7,43.7,18.5,16.3,7.5,8.2,4.9,20.5,20.0,6.1,2011,Western,1,0
93,Miami Heat,66,46,20,0.6970000000000001,48.6,98.5,37.1,79.0,46.9,5.6,15.6,35.9,18.8,24.2,77.5,10.4,31.2,41.6,20.0,15.2,8.9,5.4,4.2,19.4,20.5,6.0,2011,Eastern,1,1
94,Indiana Pacers,66,42,24,0.636,48.5,97.7,35.7,81.4,43.8,5.9,16.1,36.8,20.4,26.1,78.2,12.5,31.4,43.9,18.6,14.0,7.9,5.4,6.0,21.7,21.6,3.3,2011,Eastern,1,0
95,Memphis Grizzlies,66,41,25,0.621,48.3,95.0,36.7,82.2,44.7,4.2,12.9,32.6,17.3,22.8,75.9,12.6,29.5,42.0,19.5,14.5,9.6,5.2,5.5,19.9,19.3,2.0,2011,Western,1,0
96,Los Angeles Lakers,66,41,25,0.621,48.7,97.3,36.8,80.6,45.7,5.5,16.8,32.6,18.2,24.1,75.6,12.1,34.1,46.2,22.5,15.1,5.9,5.3,4.6,16.8,20.2,1.4,2011,Western,1,0
97,Atlanta Hawks,66,40,26,0.606,49.0,96.6,36.8,81.0,45.4,7.5,20.2,37.0,15.5,21.0,74.0,9.9,31.3,41.2,22.4,14.0,8.1,4.6,4.7,17.8,19.1,3.4,2011,Eastern,1,0
98,Los Angeles Clippers,66,40,26,0.606,48.4,97.5,37.0,81.3,45.5,7.8,21.8,35.7,15.8,23.3,68.0,12.1,29.4,41.6,21.0,13.3,8.4,4.8,4.5,21.2,21.2,2.6,2011,Western,1,0
99,Boston Celtics,66,39,27,0.591,48.3,91.8,35.5,77.1,46.0,5.5,15.0,36.7,15.4,19.8,77.8,7.7,31.1,38.8,23.6,14.8,7.5,5.5,4.6,19.9,18.4,2.5,2011,Eastern,1,0
100,Denver Nuggets,66,38,28,0.5760000000000001,48.6,104.1,39.0,81.9,47.6,6.6,19.9,33.2,19.6,26.7,73.5,11.2,31.9,43.1,24.0,15.4,8.2,5.0,6.7,19.7,22.0,2.9,2011,Western,1,0
101,Orlando Magic,66,37,29,0.561,48.4,94.2,34.5,78.2,44.1,10.2,27.0,37.5,15.1,22.8,66.0,11.2,31.2,42.5,20.0,14.9,6.8,4.2,4.1,17.7,19.8,0.8,2011,Eastern,1,0
102,Utah Jazz,66,36,30,0.545,49.0,99.7,38.2,83.8,45.6,4.1,12.8,32.3,19.1,25.3,75.4,13.0,31.1,44.2,21.8,14.2,8.3,5.8,5.7,21.8,20.7,0.6,2011,Western,1,0
103,Dallas Mavericks,66,36,30,0.545,48.7,95.8,36.3,82.0,44.3,7.5,22.2,33.9,15.6,20.2,77.1,10.1,32.7,42.8,20.9,14.0,8.6,5.1,4.0,18.6,18.4,1.0,2011,Western,1,0
104,New York Knicks,66,36,30,0.545,48.3,97.8,35.8,80.8,44.3,7.8,23.3,33.6,18.3,24.8,74.1,11.3,30.5,41.7,20.1,16.0,9.4,4.2,5.1,21.1,21.8,3.2,2011,Eastern,1,0
105,Philadelphia 76ers,66,35,31,0.53,48.2,93.6,37.4,83.6,44.8,5.3,14.6,36.2,13.5,18.2,74.2,10.7,32.5,43.2,22.0,11.2,8.0,5.2,4.8,17.5,16.2,4.2,2011,Eastern,1,0
106,Houston Rockets,66,34,32,0.515,48.7,98.1,37.7,84.0,44.9,7.2,20.2,35.9,15.4,19.7,78.2,11.7,30.5,42.2,21.3,14.5,7.5,4.8,5.2,20.4,18.4,0.2,2011,Western,0,0
107,Phoenix Suns,66,33,33,0.5,48.0,98.4,37.8,82.5,45.8,6.7,19.6,34.3,16.0,21.2,75.7,10.9,30.8,41.7,22.5,14.1,6.5,5.5,4.4,18.7,19.6,-0.2,2011,Western,0,0
108,Milwaukee Bucks,66,31,35,0.47,48.1,99.0,37.9,85.6,44.3,6.6,19.2,34.5,16.6,21.4,77.4,12.4,30.0,42.5,23.5,14.1,8.3,5.1,4.5,19.3,19.4,0.3,2011,Eastern,0,0
109,Portland Trail Blazers,66,28,38,0.424,48.4,97.2,36.4,82.1,44.3,7.2,20.9,34.6,17.2,21.6,79.6,11.1,29.5,40.7,20.4,14.2,8.0,4.9,4.8,19.0,19.8,-0.6,2011,Western,0,0
110,Minnesota Timberwolves,66,26,40,0.39399999999999996,48.3,97.9,35.7,82.3,43.3,7.2,21.6,33.2,19.4,25.2,77.1,12.1,31.7,43.7,19.5,15.2,6.6,4.4,5.7,18.4,21.7,-2.2,2011,Western,0,0
111,Detroit Pistons,66,25,41,0.379,48.4,90.9,34.7,79.3,43.8,4.8,13.9,34.6,16.6,22.1,75.2,11.7,28.5,40.3,18.7,15.7,7.0,4.2,5.3,19.6,19.4,-4.8,2011,Eastern,0,0
112,Golden State Warriors,66,23,43,0.348,48.2,97.8,37.7,82.5,45.7,7.9,20.5,38.8,14.4,18.7,77.0,9.7,29.5,39.2,22.3,13.9,8.0,5.5,5.0,21.4,16.6,-3.4,2011,Western,0,0
113,Toronto Raptors,66,23,43,0.348,48.4,90.7,34.4,78.1,44.0,5.5,16.3,34.0,16.4,21.4,77.0,10.6,31.4,42.0,20.9,15.2,6.5,4.9,4.9,23.2,18.4,-3.3,2011,Eastern,0,0
114,Brooklyn Nets,66,22,44,0.33299999999999996,48.2,93.1,34.3,80.6,42.5,7.7,22.4,34.2,16.9,21.7,77.7,11.9,28.5,40.3,19.9,15.1,7.5,3.9,5.0,19.2,19.3,-6.0,2011,Eastern,0,0
115,Sacramento Kings,66,22,44,0.33299999999999996,48.2,98.8,37.7,86.5,43.6,6.2,19.7,31.6,17.1,23.2,73.6,13.4,29.5,42.9,19.3,14.4,8.5,4.9,6.4,19.5,19.9,-5.7,2011,Western,0,0
116,Cleveland Cavaliers,66,21,45,0.318,48.4,93.0,34.3,81.2,42.2,6.7,19.3,34.6,17.8,24.9,71.6,12.7,29.5,42.3,19.8,15.4,7.1,4.0,6.2,20.0,20.9,-7.2,2011,Eastern,0,0
117,New Orleans Pelicans,66,21,45,0.318,48.3,89.6,34.8,77.3,45.1,3.9,11.8,33.3,16.0,21.2,75.7,11.0,30.2,41.1,20.7,15.5,7.4,4.8,5.8,20.1,18.7,-3.8,2011,Western,0,0
118,Washington Wizards,66,20,46,0.303,48.1,93.6,36.6,83.0,44.1,5.2,16.3,32.0,15.3,21.0,72.7,11.7,29.9,41.7,19.1,15.3,8.0,6.3,4.5,21.3,18.7,-4.8,2011,Eastern,0,0
119,Charlotte Hornets,66,7,59,0.106,48.2,87.0,33.2,80.2,41.4,4.0,13.5,29.5,16.5,22.2,74.6,10.3,28.7,39.0,20.1,14.5,6.0,5.5,5.7,18.9,20.3,-13.9,2011,Eastern,0,0
120,Miami Heat,82,66,16,0.805,48.5,102.9,38.4,77.4,49.6,8.7,22.1,39.6,17.4,23.0,75.4,8.2,30.4,38.6,23.0,13.9,8.7,5.4,3.2,18.7,20.4,7.9,2012,Eastern,1,1
121,Oklahoma City Thunder,82,60,22,0.732,48.4,105.7,38.1,79.3,48.1,7.3,19.4,37.7,22.2,26.8,82.8,10.4,33.2,43.6,21.4,15.3,8.3,7.6,3.9,20.2,20.7,9.2,2012,Western,1,0
122,San Antonio Spurs,82,58,24,0.7070000000000001,48.5,103.0,39.1,81.4,48.1,8.1,21.5,37.6,16.6,21.0,79.1,8.1,33.2,41.3,25.1,14.7,8.5,5.4,4.9,17.4,19.1,6.4,2012,Western,1,0
123,Denver Nuggets,82,57,25,0.695,48.5,106.1,40.7,85.2,47.8,6.4,18.5,34.3,18.4,26.2,70.1,13.3,31.7,45.0,24.4,15.3,9.3,6.5,6.8,20.5,21.6,5.1,2012,Western,1,0
124,Memphis Grizzlies,82,56,26,0.6829999999999999,48.3,93.4,36.1,81.5,44.4,4.7,13.5,34.5,16.5,21.3,77.3,12.9,29.8,42.7,20.9,14.0,8.6,5.3,5.5,20.2,20.0,4.1,2012,Western,1,0
125,Los Angeles Clippers,82,56,26,0.6829999999999999,48.1,101.1,38.5,80.6,47.8,7.6,21.4,35.8,16.4,23.0,71.1,11.4,30.2,41.6,23.9,14.6,9.6,5.6,4.1,20.9,20.9,6.5,2012,Western,1,0
126,New York Knicks,82,54,28,0.659,48.1,100.0,36.5,81.6,44.8,10.9,28.9,37.6,16.0,21.1,75.9,10.9,29.7,40.6,19.3,12.0,8.2,3.6,4.0,20.1,19.2,4.2,2012,Eastern,1,0
127,Indiana Pacers,81,49,32,0.605,48.4,94.7,35.1,80.6,43.6,6.9,19.7,34.7,17.6,23.6,74.6,12.9,33.0,45.9,20.3,15.1,7.2,6.3,5.7,20.0,21.9,4.0,2012,Eastern,1,0
128,Brooklyn Nets,82,49,33,0.598,48.4,96.9,35.9,79.8,45.0,7.7,21.5,35.7,17.5,23.9,73.1,12.8,30.0,42.8,20.3,14.7,7.3,4.8,4.8,18.3,21.4,1.8,2012,Eastern,1,0
129,Golden State Warriors,82,47,35,0.573,48.3,101.2,38.2,83.4,45.8,8.0,19.9,40.3,16.8,21.3,79.0,10.8,34.2,45.0,22.5,15.1,6.9,4.2,4.9,21.4,19.2,0.9,2012,Western,1,0
130,Chicago Bulls,82,45,37,0.5489999999999999,48.4,93.2,35.7,81.7,43.7,5.4,15.4,35.3,16.4,21.2,77.3,12.5,30.7,43.2,23.0,14.3,7.2,5.1,5.8,19.7,19.6,0.3,2012,Eastern,1,0
131,Houston Rockets,82,45,37,0.5489999999999999,48.2,106.0,38.1,82.7,46.1,10.6,28.9,36.6,19.2,25.5,75.4,11.1,32.3,43.4,23.2,16.4,8.3,4.4,6.1,20.3,20.4,3.5,2012,Western,1,0
132,Los Angeles Lakers,82,45,37,0.5489999999999999,48.2,102.2,37.1,81.0,45.8,8.7,24.6,35.5,19.3,27.9,69.2,11.5,33.3,44.8,22.2,15.0,7.0,5.2,4.8,17.9,23.1,1.2,2012,Western,1,0
133,Atlanta Hawks,82,44,38,0.537,48.4,98.0,37.6,81.0,46.4,8.6,23.2,37.1,14.1,19.7,71.5,9.2,31.6,40.9,24.5,14.9,8.1,4.5,4.3,18.0,18.8,0.4,2012,Eastern,1,0
134,Utah Jazz,82,43,39,0.524,48.5,98.0,37.1,81.8,45.4,6.2,16.9,36.6,17.5,23.0,76.4,12.1,30.0,42.0,22.7,14.8,8.4,6.3,5.9,21.3,20.4,-0.1,2012,Western,0,0
135,Boston Celtics,81,41,40,0.506,49.0,96.5,37.0,79.7,46.5,6.1,17.2,35.8,16.3,21.0,77.6,8.1,31.3,39.3,22.8,14.6,8.2,4.5,4.7,21.2,19.4,-0.2,2012,Eastern,1,0
136,Dallas Mavericks,82,41,41,0.5,48.7,101.1,38.8,84.0,46.2,7.4,19.9,37.2,16.1,20.4,79.3,9.4,32.6,41.9,23.2,14.0,7.9,5.5,4.1,20.7,18.9,-0.6,2012,Western,0,0
137,Milwaukee Bucks,82,38,44,0.46299999999999997,48.4,98.9,38.1,87.8,43.5,7.3,20.4,36.0,15.3,20.7,73.6,13.0,30.9,44.0,22.9,14.1,8.4,6.7,4.4,19.0,19.1,-1.5,2012,Eastern,1,0
138,Philadelphia 76ers,82,34,48,0.415,48.2,93.2,37.3,84.1,44.4,6.3,17.5,36.0,12.2,16.8,72.9,10.9,30.4,41.3,22.8,13.0,7.4,4.7,4.8,18.4,16.2,-3.3,2012,Eastern,0,0
139,Toronto Raptors,82,34,48,0.415,48.7,97.2,36.3,81.5,44.6,7.0,20.3,34.3,17.6,22.3,78.8,10.6,29.6,40.2,21.5,13.7,7.3,4.8,4.7,22.4,20.1,-1.5,2012,Eastern,0,0
140,Portland Trail Blazers,82,33,49,0.402,48.4,97.5,36.7,81.9,44.8,8.2,23.2,35.3,15.9,20.5,77.6,10.7,30.2,40.8,21.8,14.7,6.6,4.3,4.4,18.5,18.7,-3.2,2012,Western,0,0
141,Minnesota Timberwolves,82,31,51,0.37799999999999995,48.1,95.7,35.9,81.7,43.9,5.5,18.0,30.5,18.5,24.9,74.2,11.9,30.2,42.0,22.4,14.8,8.5,4.7,5.9,18.4,22.5,-2.4,2012,Western,0,0
142,Detroit Pistons,82,29,53,0.354,48.3,94.9,36.3,81.0,44.9,6.3,17.6,35.6,15.9,22.8,69.9,12.1,30.0,42.1,21.2,15.1,7.0,4.9,5.8,19.8,19.9,-4.0,2012,Eastern,0,0
143,Washington Wizards,82,29,53,0.354,48.4,93.2,35.5,81.6,43.5,6.6,18.2,36.5,15.6,21.3,73.3,10.8,32.3,43.2,21.6,15.1,7.3,4.6,4.4,20.5,19.1,-2.5,2012,Eastern,0,0
144,Sacramento Kings,82,28,54,0.341,48.4,100.2,37.6,84.2,44.7,7.4,20.5,36.3,17.5,22.8,76.9,11.5,29.1,40.6,20.8,14.6,8.2,4.2,6.3,20.9,20.0,-4.9,2012,Western,0,0
145,New Orleans Pelicans,82,27,55,0.32899999999999996,48.2,94.1,36.0,80.4,44.8,6.5,18.0,36.3,15.5,20.0,77.6,12.0,29.6,41.6,21.0,14.5,6.3,5.4,6.0,20.4,18.7,-3.9,2012,Western,0,0
146,Phoenix Suns,82,25,57,0.305,48.3,95.2,37.3,84.4,44.3,5.9,17.7,33.0,14.7,19.7,74.4,11.7,29.9,41.6,22.6,15.6,8.0,5.3,5.1,20.6,18.4,-6.5,2012,Western,0,0
147,Cleveland Cavaliers,82,24,58,0.293,48.1,96.5,36.5,84.2,43.4,6.7,19.3,34.6,16.8,22.3,75.6,12.2,28.8,41.0,20.7,14.0,7.9,4.1,6.8,21.2,19.7,-4.7,2012,Eastern,0,0
148,Charlotte Hornets,82,21,61,0.256,48.3,93.4,34.4,81.1,42.5,5.7,17.1,33.5,18.9,25.1,75.0,11.2,29.1,40.3,19.4,14.1,7.2,5.8,6.9,19.0,21.3,-9.2,2012,Eastern,0,0
149,Orlando Magic,82,20,62,0.244,48.2,94.1,37.7,84.2,44.8,6.2,18.7,32.9,12.5,16.6,75.5,10.9,31.9,42.7,22.8,14.5,6.4,4.4,5.2,19.4,16.5,-7.0,2012,Eastern,0,0
150,San Antonio Spurs,82,62,20,0.7559999999999999,48.2,105.4,40.6,83.5,48.6,8.5,21.4,39.7,15.7,20.0,78.5,9.3,34.0,43.3,25.2,14.4,7.4,5.1,4.6,18.2,19.3,7.7,2013,Western,1,1
151,Oklahoma City Thunder,82,59,23,0.72,48.3,106.2,39.0,82.7,47.1,8.1,22.4,36.1,20.2,25.0,80.6,10.8,33.9,44.7,21.9,15.3,8.3,6.1,3.6,22.7,20.4,6.3,2013,Western,1,0
152,Los Angeles Clippers,82,57,25,0.695,48.2,107.9,39.1,82.5,47.4,8.5,24.0,35.2,21.2,29.1,73.0,10.5,32.5,43.0,24.6,13.9,8.6,4.8,3.5,21.5,23.4,7.0,2013,Western,1,0
153,Indiana Pacers,82,56,26,0.6829999999999999,48.2,96.7,36.0,80.2,44.9,6.7,18.8,35.7,18.1,23.3,77.9,10.2,34.5,44.7,20.1,15.1,6.7,5.4,4.6,20.4,21.9,4.4,2013,Eastern,1,0
154,Miami Heat,82,54,28,0.659,48.5,102.2,38.3,76.5,50.1,8.1,22.3,36.4,17.5,23.0,76.0,7.6,29.2,36.9,22.5,14.8,8.9,4.5,3.1,19.5,20.4,4.8,2013,Eastern,1,0
155,Portland Trail Blazers,82,54,28,0.659,48.4,106.7,39.1,87.0,45.0,9.4,25.3,37.2,19.1,23.5,81.5,12.5,34.0,46.4,23.2,13.7,5.5,4.7,3.7,19.2,20.7,4.0,2013,Western,1,0
156,Houston Rockets,82,54,28,0.659,48.4,107.7,38.0,80.5,47.2,9.5,26.6,35.8,22.1,31.1,71.2,11.2,34.1,45.3,21.4,16.1,7.6,5.6,5.6,20.4,24.3,4.6,2013,Western,1,0
157,Golden State Warriors,82,51,31,0.622,48.4,104.3,39.5,85.4,46.2,9.4,24.8,38.0,15.9,21.1,75.3,10.9,34.4,45.3,23.3,15.2,7.8,5.0,4.2,21.8,19.3,4.8,2013,Western,1,0
158,Memphis Grizzlies,82,50,32,0.61,48.3,96.1,38.1,82.0,46.4,4.9,14.0,35.3,15.1,20.3,74.1,11.6,30.8,42.4,21.9,13.7,7.7,4.6,5.0,19.1,18.9,1.6,2013,Western,1,0
159,Dallas Mavericks,82,49,33,0.598,48.4,104.8,39.6,83.6,47.4,8.8,22.9,38.4,16.8,21.1,79.5,10.2,30.7,40.9,23.6,13.5,8.6,4.3,3.5,20.0,19.9,2.4,2013,Western,1,0
160,Toronto Raptors,82,48,34,0.585,48.7,101.3,36.5,81.9,44.5,8.7,23.4,37.2,19.6,25.1,78.2,11.4,31.1,42.5,21.2,14.1,7.0,4.2,4.3,23.0,22.1,3.2,2013,Eastern,1,0
161,Chicago Bulls,82,48,34,0.585,48.6,93.7,34.7,80.2,43.2,6.2,17.8,34.8,18.1,23.3,77.9,11.4,32.7,44.1,22.7,14.9,7.2,5.2,6.0,19.1,20.9,1.9,2013,Eastern,1,0
162,Phoenix Suns,82,48,34,0.585,48.2,105.2,38.7,83.5,46.3,9.3,25.1,37.2,18.5,24.4,75.8,11.3,31.7,43.0,19.1,15.3,8.4,4.6,4.0,21.9,21.3,2.6,2013,Western,0,0
163,Washington Wizards,82,44,38,0.537,48.9,100.7,38.7,84.4,45.9,7.9,20.8,38.0,15.3,20.9,73.1,10.8,31.4,42.2,23.3,14.7,8.1,4.6,3.9,20.4,19.5,1.3,2013,Eastern,1,0
164,Brooklyn Nets,82,44,38,0.537,48.5,98.5,35.7,77.9,45.9,8.6,23.4,36.9,18.4,24.4,75.3,8.8,29.4,38.1,20.9,14.5,8.6,3.8,4.1,21.7,20.8,-1.0,2013,Eastern,1,0
165,Charlotte Hornets,82,43,39,0.524,48.5,96.9,36.3,82.1,44.2,6.3,17.9,35.1,18.0,24.4,73.7,9.5,33.2,42.7,21.7,12.3,6.1,5.1,5.1,18.2,20.9,-0.2,2013,Eastern,1,0
166,Minnesota Timberwolves,82,40,42,0.488,48.4,106.9,38.9,87.5,44.4,7.3,21.4,34.1,21.8,28.1,77.8,12.5,32.2,44.7,23.9,13.9,8.8,3.6,5.6,18.3,23.6,2.7,2013,Western,0,0
167,Atlanta Hawks,82,38,44,0.46299999999999997,48.4,101.0,37.3,81.6,45.8,9.4,25.8,36.3,17.0,21.7,78.1,8.7,31.3,40.0,24.9,15.3,8.3,4.0,4.3,19.2,20.0,-0.5,2013,Eastern,1,0
168,New York Knicks,82,37,45,0.451,48.4,98.6,36.9,82.2,44.9,9.3,24.9,37.2,15.5,20.4,76.1,10.6,29.7,40.3,20.0,13.0,7.7,4.5,3.4,22.1,19.6,-0.8,2013,Eastern,0,0
169,Denver Nuggets,82,36,46,0.439,48.2,104.4,38.4,85.9,44.7,8.6,23.9,35.8,19.1,26.3,72.6,12.3,33.1,45.4,22.4,15.9,7.5,5.6,5.6,23.0,21.7,-2.1,2013,Western,0,0
170,New Orleans Pelicans,82,34,48,0.415,48.4,99.7,37.8,82.5,45.9,5.9,15.9,37.3,18.2,23.6,76.9,11.4,30.3,41.7,21.3,13.8,7.9,6.4,6.1,22.6,20.3,-2.7,2013,Western,0,0
171,Cleveland Cavaliers,82,33,49,0.402,48.6,98.2,37.0,84.8,43.7,7.1,20.0,35.6,17.0,22.7,75.1,12.1,32.1,44.1,21.2,14.2,7.1,3.7,5.6,20.0,19.5,-3.3,2013,Eastern,0,0
172,Detroit Pistons,82,29,53,0.354,48.2,101.0,38.8,86.9,44.7,6.2,19.3,32.1,17.3,25.7,67.0,14.6,30.8,45.4,20.9,14.5,8.4,4.8,4.9,20.3,20.7,-3.7,2013,Eastern,0,0
173,Sacramento Kings,82,28,54,0.341,48.4,100.5,36.9,82.5,44.7,6.0,18.0,33.3,20.7,27.3,75.9,12.1,32.4,44.5,18.9,15.2,7.2,3.9,5.6,22.5,23.1,-2.9,2013,Western,0,0
174,Los Angeles Lakers,82,27,55,0.32899999999999996,48.1,103.0,38.3,85.1,45.0,9.4,24.8,38.1,17.0,22.4,75.7,9.1,32.0,41.0,24.5,15.1,7.5,5.4,4.7,19.8,19.3,-6.3,2013,Western,0,0
175,Utah Jazz,82,25,57,0.305,48.2,95.0,36.0,81.1,44.4,6.6,19.2,34.4,16.4,22.0,74.7,11.0,30.2,41.2,20.3,14.6,7.0,4.5,4.9,20.7,20.4,-7.2,2013,Western,0,0
176,Boston Celtics,82,25,57,0.305,48.1,96.2,36.5,83.9,43.5,7.0,21.1,33.3,16.2,20.8,77.7,12.0,30.5,42.5,21.0,15.4,7.1,4.2,4.5,21.3,19.1,-4.5,2013,Eastern,0,0
177,Orlando Magic,82,23,59,0.28,48.7,96.5,36.9,82.7,44.5,6.9,19.5,35.3,15.9,20.9,76.3,9.7,32.4,42.0,21.0,14.9,7.7,4.3,5.4,20.5,18.3,-5.4,2013,Eastern,0,0
178,Philadelphia 76ers,82,19,63,0.23199999999999998,48.4,99.5,37.9,87.2,43.5,7.0,22.5,31.2,16.6,23.4,71.0,11.6,31.2,42.7,21.8,16.9,9.3,4.0,6.8,22.5,20.6,-10.5,2013,Eastern,0,0
179,Milwaukee Bucks,82,15,67,0.183,48.5,95.5,36.0,82.2,43.8,6.7,18.9,35.3,16.8,22.5,74.7,11.8,29.3,41.1,21.5,15.1,6.6,4.9,5.0,20.9,20.6,-8.2,2013,Eastern,0,0
180,Golden State Warriors,82,67,15,0.8170000000000001,48.1,110.0,41.6,87.0,47.8,10.8,27.0,39.8,16.0,20.8,76.8,10.4,34.3,44.7,27.4,14.5,9.3,6.0,3.6,19.9,18.8,10.1,2014,Western,1,1
181,Atlanta Hawks,82,60,22,0.732,48.1,102.5,38.1,81.7,46.6,10.0,26.2,38.0,16.5,21.2,77.8,8.7,31.8,40.6,25.7,14.2,9.1,4.6,4.9,17.8,19.6,5.4,2014,Eastern,1,0
182,Houston Rockets,82,56,26,0.6829999999999999,48.3,103.9,37.0,83.3,44.4,11.4,32.7,34.8,18.6,26.0,71.5,11.7,32.0,43.7,22.2,16.7,9.5,5.0,5.3,22.0,21.1,3.4,2014,Western,1,0
183,Los Angeles Clippers,82,56,26,0.6829999999999999,48.1,106.7,39.4,83.3,47.3,10.1,26.9,37.6,17.9,25.2,71.0,9.6,33.1,42.6,24.8,12.3,7.8,5.0,3.0,21.3,21.5,6.6,2014,Western,1,0
184,Memphis Grizzlies,82,55,27,0.6709999999999999,48.5,98.3,37.8,82.5,45.8,5.2,15.2,33.9,17.6,22.8,77.3,10.4,32.1,42.6,21.7,13.3,8.5,4.2,5.2,19.1,20.3,3.2,2014,Western,1,0
185,San Antonio Spurs,82,55,27,0.6709999999999999,48.7,103.2,39.1,83.6,46.8,8.3,22.5,36.7,16.7,21.4,78.0,9.8,33.8,43.6,24.4,14.0,8.0,5.4,4.4,19.1,19.7,6.2,2014,Western,1,0
186,Cleveland Cavaliers,82,53,29,0.6459999999999999,48.2,103.1,37.7,82.2,45.8,10.1,27.5,36.7,17.7,23.6,75.1,11.1,31.9,43.0,22.1,14.3,7.4,4.1,4.5,18.4,20.5,4.5,2014,Eastern,1,0
187,Portland Trail Blazers,82,51,31,0.622,48.4,102.8,38.7,86.0,45.0,9.8,27.2,36.2,15.5,19.4,80.1,10.7,35.1,45.9,21.9,13.6,6.4,4.5,3.6,18.2,18.7,4.2,2014,Western,1,0
188,Chicago Bulls,82,50,32,0.61,48.5,100.8,36.6,82.9,44.2,7.9,22.3,35.3,19.7,25.2,78.3,11.7,34.0,45.7,21.7,14.0,6.3,5.8,5.4,18.2,21.2,3.0,2014,Eastern,1,0
189,Dallas Mavericks,82,50,32,0.61,48.5,105.2,39.7,85.8,46.3,8.9,25.4,35.2,16.9,22.5,75.2,10.5,31.8,42.3,22.5,13.0,8.1,4.5,3.8,20.0,22.1,2.9,2014,Western,1,0
190,Toronto Raptors,82,49,33,0.598,48.4,104.0,37.9,83.3,45.5,8.9,25.1,35.2,19.3,24.6,78.7,10.7,30.8,41.5,20.7,12.9,7.5,4.4,5.0,20.9,20.3,3.1,2014,Eastern,1,0
191,Washington Wizards,82,46,36,0.561,48.7,98.5,38.3,82.8,46.2,6.1,16.8,36.0,15.9,21.4,74.2,10.5,34.2,44.7,24.0,15.0,7.3,4.6,4.3,20.8,19.6,0.7,2014,Eastern,1,0
192,New Orleans Pelicans,82,45,37,0.5489999999999999,48.2,99.4,37.9,82.9,45.7,7.1,19.3,37.0,16.4,21.8,75.1,11.5,32.0,43.5,22.0,13.3,6.7,6.2,5.8,18.7,18.7,0.8,2014,Western,1,0
193,Oklahoma City Thunder,82,45,37,0.5489999999999999,48.4,104.0,38.8,86.8,44.7,7.7,22.7,33.9,18.6,24.6,75.4,12.8,34.7,47.5,20.5,14.7,7.3,5.5,4.6,22.3,20.4,2.2,2014,Western,0,0
194,Milwaukee Bucks,82,41,41,0.5,48.6,97.8,37.6,82.0,45.9,6.6,18.3,36.3,16.0,21.1,75.7,10.7,31.4,42.1,23.6,16.7,9.6,4.9,4.8,22.1,20.1,0.4,2014,Eastern,1,0
195,Boston Celtics,82,40,42,0.488,48.5,101.4,38.9,87.9,44.3,8.0,24.6,32.7,15.4,20.5,75.4,11.1,32.7,43.8,24.5,13.8,8.2,3.6,5.3,21.2,18.8,0.2,2014,Eastern,1,0
196,Phoenix Suns,82,39,43,0.47600000000000003,48.5,102.4,38.8,85.8,45.2,8.5,25.0,34.1,16.4,21.5,76.0,10.9,32.2,43.2,20.2,15.1,8.5,4.7,4.1,21.3,20.3,-0.9,2014,Western,0,0
197,Indiana Pacers,82,38,44,0.46299999999999997,48.4,97.3,36.6,83.2,43.9,7.5,21.2,35.2,16.7,22.2,75.6,10.4,34.4,44.9,21.4,14.0,6.2,4.6,4.7,21.2,21.4,0.3,2014,Eastern,0,0
198,Utah Jazz,82,38,44,0.46299999999999997,48.1,95.1,35.4,79.2,44.7,7.4,21.7,34.3,17.0,23.5,72.1,12.0,31.9,44.0,19.9,15.3,7.6,6.0,4.7,19.3,19.6,0.2,2014,Western,0,0
199,Brooklyn Nets,82,38,44,0.46299999999999997,48.6,98.0,37.4,83.0,45.1,6.6,19.9,33.1,16.6,22.2,74.8,10.3,32.0,42.4,20.9,13.8,7.0,4.1,4.5,19.3,20.0,-2.9,2014,Eastern,1,0
200,Miami Heat,82,37,45,0.451,48.1,94.7,35.2,77.2,45.6,6.8,20.2,33.5,17.5,23.7,74.1,9.1,30.0,39.1,19.8,14.8,7.8,4.5,4.4,20.0,20.9,-2.6,2014,Eastern,0,0
201,Charlotte Hornets,82,33,49,0.402,48.5,94.2,35.5,84.5,42.0,6.1,19.1,31.8,17.0,22.8,74.8,10.0,34.1,44.1,20.2,11.9,6.1,5.5,5.4,18.2,20.8,-3.2,2014,Eastern,0,0
202,Detroit Pistons,82,32,50,0.39,48.4,98.5,37.1,85.8,43.2,8.6,24.9,34.4,15.8,22.4,70.3,12.8,32.1,44.9,21.6,13.4,7.6,4.7,4.8,19.0,19.3,-1.0,2014,Eastern,0,0
203,Denver Nuggets,82,30,52,0.366,48.5,101.5,37.8,87.3,43.3,8.0,24.8,32.5,17.8,24.3,73.4,12.3,32.4,44.7,21.8,14.2,7.8,4.5,6.1,23.0,20.7,-3.5,2014,Western,0,0
204,Sacramento Kings,82,29,53,0.354,48.4,101.3,36.7,80.7,45.5,5.6,16.5,34.1,22.3,29.3,76.2,10.9,33.3,44.2,20.3,16.3,6.7,4.0,6.2,20.7,23.9,-3.7,2014,Western,0,0
205,Orlando Magic,82,25,57,0.305,48.2,95.7,37.5,82.8,45.3,6.8,19.5,34.7,13.9,19.1,72.9,10.0,31.8,41.8,20.6,14.9,7.9,3.8,5.4,20.9,17.9,-5.7,2014,Eastern,0,0
206,Los Angeles Lakers,82,21,61,0.256,48.6,98.5,37.2,85.6,43.5,6.5,18.9,34.4,17.5,23.6,74.1,11.6,32.3,43.9,20.9,13.2,7.0,4.5,4.8,21.2,19.4,-6.8,2014,Western,0,0
207,Philadelphia 76ers,82,18,64,0.22,48.3,92.0,33.7,82.6,40.8,8.4,26.3,32.0,16.1,23.8,67.6,11.9,30.9,42.9,20.5,17.7,9.6,5.9,5.5,21.7,20.2,-9.0,2014,Eastern,0,0
208,New York Knicks,82,17,65,0.207,48.4,91.9,35.1,82.0,42.8,6.8,19.7,34.7,14.8,19.2,76.9,10.6,29.8,40.4,21.3,14.7,7.0,4.7,4.3,21.6,19.1,-9.3,2014,Eastern,0,0
209,Minnesota Timberwolves,82,16,66,0.195,48.3,97.8,36.4,83.2,43.8,5.0,14.9,33.2,20.0,25.7,77.6,11.6,29.3,40.9,21.6,15.0,8.1,4.0,5.5,19.2,21.4,-8.8,2014,Western,0,0
210,Golden State Warriors,82,73,9,0.89,48.5,114.9,42.5,87.3,48.7,13.1,31.6,41.6,16.7,21.8,76.3,10.0,36.2,46.2,28.9,15.2,8.4,6.1,4.1,20.7,19.8,10.8,2015,Western,1,0
211,San Antonio Spurs,82,67,15,0.8170000000000001,48.1,103.5,40.1,82.9,48.4,7.0,18.5,37.5,16.4,20.4,80.3,9.4,34.5,43.9,24.5,13.1,8.3,5.9,3.9,17.5,19.5,10.6,2015,Western,1,0
212,Cleveland Cavaliers,82,57,25,0.695,48.4,104.3,38.7,84.0,46.0,10.7,29.6,36.2,16.3,21.7,74.8,10.6,33.9,44.5,22.7,13.6,6.7,3.9,4.4,20.3,20.6,6.0,2015,Eastern,1,1
213,Toronto Raptors,82,56,26,0.6829999999999999,48.2,102.7,36.7,81.3,45.1,8.6,23.3,37.0,20.8,26.7,77.7,10.2,33.2,43.4,18.7,13.1,7.8,5.5,5.4,19.6,22.0,4.5,2015,Eastern,1,0
214,Oklahoma City Thunder,82,55,27,0.6709999999999999,48.4,110.2,41.1,86.4,47.6,8.3,23.7,34.9,19.7,25.2,78.2,13.1,35.6,48.6,23.0,15.9,7.4,5.9,4.5,20.6,20.2,7.3,2015,Western,1,0
215,Los Angeles Clippers,82,53,29,0.6459999999999999,48.4,104.5,38.3,82.4,46.5,9.7,26.7,36.4,18.2,26.2,69.2,8.8,33.3,42.0,22.8,13.0,8.6,5.6,3.2,21.3,22.5,4.3,2015,Western,1,0
216,Miami Heat,82,48,34,0.585,48.4,100.0,38.4,81.7,47.0,6.1,18.0,33.6,17.1,23.0,74.5,9.8,34.3,44.1,20.8,14.1,6.7,6.5,4.1,18.3,19.6,1.6,2015,Eastern,1,0
217,Boston Celtics,82,48,34,0.585,48.2,105.7,39.2,89.2,43.9,8.7,26.1,33.5,18.5,23.5,78.8,11.6,33.3,44.9,24.2,13.7,9.2,4.2,5.5,21.9,21.0,3.2,2015,Eastern,1,0
218,Charlotte Hornets,82,48,34,0.585,48.4,103.4,37.0,84.4,43.9,10.6,29.4,36.2,18.7,23.7,79.0,9.0,35.0,43.9,21.7,12.5,7.3,5.3,5.5,18.1,20.4,2.7,2015,Eastern,1,0
219,Atlanta Hawks,82,48,34,0.585,48.4,102.8,38.6,84.4,45.8,9.9,28.4,35.0,15.6,20.0,78.3,8.3,33.8,42.1,25.6,15.0,9.1,5.9,5.0,19.1,18.3,3.6,2015,Eastern,1,0
220,Indiana Pacers,82,45,37,0.5489999999999999,48.5,102.2,38.3,85.2,45.0,8.1,23.0,35.1,17.4,22.8,76.4,10.3,33.9,44.2,21.2,14.9,9.0,4.8,4.5,20.0,20.4,1.7,2015,Eastern,1,0
221,Detroit Pistons,82,44,38,0.537,48.5,102.0,37.9,86.4,43.9,9.0,26.2,34.5,17.1,25.5,66.8,12.5,33.9,46.3,19.4,13.5,7.0,3.7,4.5,19.0,21.6,0.6,2015,Eastern,1,0
222,Portland Trail Blazers,82,44,38,0.537,48.3,105.1,38.6,85.9,45.0,10.5,28.5,37.0,17.4,23.0,75.4,11.6,33.9,45.5,21.3,14.6,6.9,4.6,5.2,21.7,19.5,0.8,2015,Western,1,0
223,Dallas Mavericks,82,42,40,0.512,48.8,102.3,37.4,84.1,44.4,9.8,28.6,34.4,17.7,22.3,79.4,9.2,33.9,43.1,22.1,12.8,6.8,3.7,4.4,19.5,21.4,-0.3,2015,Western,1,0
224,Chicago Bulls,82,42,40,0.512,48.5,101.6,38.6,87.4,44.1,7.9,21.4,37.1,16.5,21.0,78.7,11.1,35.2,46.3,22.8,13.9,6.0,5.7,5.7,18.8,18.7,-1.5,2015,Eastern,0,0
225,Memphis Grizzlies,82,42,40,0.512,48.4,99.1,36.8,83.6,44.0,6.1,18.5,33.1,19.3,24.7,78.3,11.2,30.5,41.6,20.7,13.3,8.8,4.3,5.7,21.7,21.1,-2.2,2015,Western,1,0
226,Houston Rockets,82,41,41,0.5,48.4,106.5,37.7,83.5,45.2,10.7,30.9,34.7,20.4,29.4,69.4,11.3,31.7,43.1,22.2,15.9,10.0,5.2,4.9,21.8,22.5,0.2,2015,Western,1,0
227,Washington Wizards,82,41,41,0.5,48.2,104.1,39.5,85.8,46.0,8.6,24.2,35.8,16.5,22.5,73.0,9.1,32.8,41.8,24.5,14.5,8.6,3.9,4.3,20.8,20.1,-0.5,2015,Eastern,0,0
228,Utah Jazz,82,40,42,0.488,48.7,97.7,36.1,80.4,44.9,8.5,23.9,35.5,17.1,23.0,74.4,10.7,32.5,43.2,19.0,14.9,7.7,5.2,4.7,20.2,19.9,1.8,2015,Western,0,0
229,Orlando Magic,82,35,47,0.42700000000000005,48.5,102.1,39.5,86.8,45.5,7.8,22.2,35.0,15.2,20.1,75.7,10.3,33.0,43.3,23.6,14.1,8.2,5.1,5.5,20.7,18.3,-1.6,2015,Eastern,0,0
230,Milwaukee Bucks,82,33,49,0.402,48.4,99.0,38.4,82.2,46.7,5.4,15.6,34.5,17.0,22.7,74.8,10.5,31.2,41.7,23.1,15.2,8.2,5.8,5.6,20.7,19.5,-4.2,2015,Eastern,0,0
231,Denver Nuggets,82,33,49,0.402,48.4,101.9,37.7,85.4,44.2,8.0,23.7,33.8,18.5,24.1,76.6,11.5,33.1,44.6,22.7,14.7,7.4,4.8,6.3,21.0,20.9,-3.1,2015,Western,0,0
232,Sacramento Kings,82,33,49,0.402,48.3,106.6,40.0,86.4,46.4,8.0,22.4,35.9,18.5,25.5,72.5,10.6,33.7,44.2,24.5,16.2,8.9,4.5,5.3,20.4,22.0,-2.5,2015,Western,0,0
233,New York Knicks,82,32,50,0.39,48.3,98.4,36.9,84.0,43.9,7.4,21.5,34.6,17.2,21.4,80.5,10.4,34.0,44.4,20.5,13.4,5.7,5.7,4.2,19.7,18.5,-2.7,2015,Eastern,0,0
234,New Orleans Pelicans,82,30,52,0.366,48.2,102.7,38.5,85.9,44.8,8.6,23.8,36.0,17.3,22.2,77.6,9.5,33.1,42.6,22.2,13.4,7.7,4.2,5.2,20.9,19.9,-3.8,2015,Western,0,0
235,Minnesota Timberwolves,82,29,53,0.354,48.5,102.4,37.7,81.3,46.4,5.5,16.4,33.8,21.4,27.0,79.2,10.0,31.5,41.6,23.4,15.0,8.0,4.6,5.2,20.7,21.6,-3.5,2015,Western,0,0
236,Phoenix Suns,82,23,59,0.28,48.1,100.9,37.2,85.6,43.5,9.0,25.8,34.8,17.5,23.2,75.1,11.5,33.3,44.8,20.7,17.2,7.7,3.8,5.5,22.7,21.6,-6.7,2015,Western,0,0
237,Brooklyn Nets,82,21,61,0.256,48.2,98.6,38.2,84.4,45.3,6.5,18.4,35.2,15.7,20.7,75.7,10.5,31.9,42.4,22.3,14.8,7.6,4.0,5.2,18.0,18.4,-7.4,2015,Eastern,0,0
238,Los Angeles Lakers,82,17,65,0.207,48.1,97.3,35.1,84.8,41.4,7.8,24.6,31.7,19.3,24.7,78.1,10.7,32.3,43.0,18.0,13.7,7.2,4.1,5.6,20.3,19.2,-9.6,2015,Western,0,0
239,Philadelphia 76ers,82,10,72,0.122,48.3,97.4,36.2,84.0,43.1,9.3,27.5,33.9,15.7,22.6,69.4,9.5,31.8,41.2,21.5,16.4,8.3,6.0,5.7,21.7,19.2,-10.2,2015,Eastern,0,0
240,Golden State Warriors,82,67,15,0.8170000000000001,48.2,115.9,43.1,87.1,49.5,12.0,31.2,38.3,17.8,22.6,78.8,9.4,35.0,44.4,30.4,14.8,9.6,6.8,3.8,19.3,19.4,11.6,2016,Western,1,1
241,San Antonio Spurs,82,61,21,0.7440000000000001,48.3,105.3,39.3,83.7,46.9,9.2,23.5,39.1,17.6,22.0,79.7,10.0,33.9,43.9,23.8,13.4,8.0,5.9,4.1,18.3,19.8,7.2,2016,Western,1,0
242,Houston Rockets,82,55,27,0.6709999999999999,48.2,115.3,40.3,87.2,46.2,14.4,40.3,35.7,20.3,26.5,76.6,10.9,33.5,44.4,25.2,15.1,8.2,4.3,5.0,19.9,20.4,5.8,2016,Western,1,0
243,Boston Celtics,82,53,29,0.6459999999999999,48.2,108.0,38.6,85.1,45.4,12.0,33.4,35.9,18.7,23.2,80.7,9.1,32.9,42.0,25.2,13.3,7.5,4.1,5.2,20.6,20.3,2.6,2016,Eastern,1,0
244,Utah Jazz,82,51,31,0.622,48.2,100.7,37.0,79.5,46.6,9.6,26.0,37.2,17.1,22.9,74.7,9.4,33.8,43.2,20.1,13.6,6.7,5.0,3.8,18.8,20.2,3.9,2016,Western,1,0
245,Toronto Raptors,82,51,31,0.622,48.2,106.9,39.2,84.4,46.4,8.8,24.3,36.3,19.7,24.7,79.6,10.6,32.6,43.3,18.5,12.7,8.3,4.9,4.8,20.8,20.3,4.2,2016,Eastern,1,0
246,Cleveland Cavaliers,82,51,31,0.622,48.5,110.3,39.9,84.9,47.0,13.0,33.9,38.4,17.5,23.3,74.8,9.3,34.4,43.7,22.7,13.7,6.6,4.0,4.3,18.1,20.6,3.2,2016,Eastern,1,0
247,Los Angeles Clippers,82,51,31,0.622,48.2,108.7,39.5,83.2,47.5,10.3,27.4,37.5,19.3,26.0,74.5,9.0,34.0,43.0,22.5,13.0,7.5,4.2,3.1,19.8,22.4,4.3,2016,Western,1,0
248,Washington Wizards,82,49,33,0.598,48.4,109.2,41.3,87.0,47.5,9.2,24.8,37.2,17.3,22.1,78.4,10.3,32.6,42.9,23.9,14.2,8.5,4.1,4.6,21.3,19.8,1.8,2016,Eastern,1,0
249,Oklahoma City Thunder,82,47,35,0.573,48.3,106.6,39.5,87.4,45.2,8.4,25.8,32.7,19.2,25.8,74.5,12.2,34.4,46.6,21.0,15.0,7.9,5.0,5.5,20.9,20.7,0.8,2016,Western,1,0
250,Memphis Grizzlies,82,43,39,0.524,48.5,100.5,36.4,83.6,43.5,9.4,26.5,35.4,18.3,23.4,78.4,10.8,32.0,42.8,21.3,12.9,8.0,4.2,5.0,22.4,20.8,0.5,2016,Western,1,0
251,Atlanta Hawks,82,43,39,0.524,48.5,103.2,38.1,84.4,45.1,8.9,26.1,34.1,18.1,24.9,72.8,10.3,34.1,44.3,23.6,15.8,8.2,4.8,5.2,18.2,21.6,-0.9,2016,Eastern,1,0
252,Indiana Pacers,82,42,40,0.512,48.4,105.1,39.3,84.5,46.5,8.6,23.0,37.6,17.9,22.1,81.0,9.0,33.0,42.0,22.5,13.8,8.2,5.0,5.0,19.5,19.5,-0.2,2016,Eastern,1,0
253,Milwaukee Bucks,82,42,40,0.512,48.2,103.6,38.8,81.9,47.4,8.8,23.7,37.0,17.2,22.4,76.8,8.8,31.6,40.4,24.2,14.0,8.1,5.3,4.6,20.2,19.3,-0.2,2016,Eastern,1,0
254,Chicago Bulls,82,41,41,0.5,48.2,102.9,38.6,87.1,44.4,7.6,22.3,34.0,18.0,22.5,79.8,12.2,34.1,46.3,22.6,13.6,7.8,4.8,4.6,17.7,18.8,0.4,2016,Eastern,1,0
255,Portland Trail Blazers,82,41,41,0.5,48.6,107.9,39.5,86.1,45.9,10.4,27.7,37.5,18.5,23.7,78.0,10.1,33.5,43.7,21.1,13.7,7.0,5.0,5.3,21.2,19.8,-0.5,2016,Western,1,0
256,Miami Heat,82,41,41,0.5,48.2,103.2,39.0,85.8,45.5,9.9,27.0,36.5,15.2,21.6,70.6,10.6,33.0,43.6,21.2,13.4,7.2,5.7,4.9,20.5,18.7,1.1,2016,Eastern,0,0
257,Denver Nuggets,82,40,42,0.488,48.2,111.7,41.2,87.7,46.9,10.6,28.8,36.8,18.7,24.2,77.4,11.8,34.6,46.4,25.3,15.0,6.9,3.9,4.9,19.1,20.2,0.5,2016,Western,0,0
258,Detroit Pistons,82,37,45,0.451,48.3,101.3,39.9,88.8,44.9,7.7,23.4,33.0,13.9,19.3,71.9,11.1,34.6,45.7,21.1,11.9,7.0,3.8,4.1,17.9,17.5,-1.1,2016,Eastern,0,0
259,Charlotte Hornets,82,36,46,0.439,48.4,104.9,37.7,85.4,44.2,10.0,28.6,35.1,19.4,23.8,81.5,8.8,34.8,43.6,23.1,11.5,7.0,4.8,5.5,16.6,19.9,0.2,2016,Eastern,0,0
260,New Orleans Pelicans,82,34,48,0.415,48.5,104.3,39.1,87.0,45.0,9.4,26.8,35.0,16.7,22.3,75.0,8.6,35.1,43.7,22.8,12.9,7.8,5.5,4.2,18.2,19.3,-2.1,2016,Western,0,0
261,Dallas Mavericks,82,33,49,0.402,48.2,97.9,36.2,82.3,44.0,10.7,30.2,35.5,14.8,18.5,80.1,7.9,30.7,38.6,20.8,11.9,7.5,3.7,3.4,19.1,19.4,-2.9,2016,Western,0,0
262,Sacramento Kings,82,32,50,0.39,48.5,102.8,37.9,82.1,46.1,9.0,23.9,37.6,18.1,23.3,77.5,8.7,32.3,41.1,22.5,14.6,7.6,4.0,5.1,20.3,20.1,-3.9,2016,Western,0,0
263,Minnesota Timberwolves,82,31,51,0.37799999999999995,48.3,105.6,39.5,84.4,46.7,7.3,21.0,34.9,19.3,24.2,79.9,11.4,31.0,42.4,23.7,14.0,8.0,4.5,5.0,20.1,20.5,-1.1,2016,Western,0,0
264,New York Knicks,82,31,51,0.37799999999999995,48.4,104.3,39.6,88.5,44.7,8.6,24.7,34.8,16.6,21.1,78.8,12.0,33.2,45.2,21.8,13.9,7.1,5.5,4.6,20.3,18.5,-3.7,2016,Eastern,0,0
265,Orlando Magic,82,29,53,0.354,48.3,101.1,38.3,87.0,44.0,8.5,26.1,32.8,16.0,21.4,74.7,9.8,33.3,43.2,22.2,13.3,7.1,4.8,5.1,19.3,18.7,-6.6,2016,Eastern,0,0
266,Philadelphia 76ers,82,28,54,0.341,48.4,102.4,37.7,85.3,44.2,10.1,29.8,34.0,17.0,22.0,77.1,9.8,33.0,42.8,23.8,16.7,8.4,5.1,5.4,21.9,19.6,-5.7,2016,Eastern,0,0
267,Los Angeles Lakers,82,26,56,0.317,48.1,104.6,39.3,87.4,45.0,8.9,25.7,34.6,17.0,22.6,75.4,11.4,32.1,43.5,20.9,15.2,8.2,3.9,5.4,20.7,18.5,-6.9,2016,Western,0,0
268,Phoenix Suns,82,24,58,0.293,48.4,107.7,39.9,88.5,45.0,7.5,22.6,33.2,20.4,26.3,77.6,11.9,33.1,45.0,19.6,15.4,8.2,4.9,5.3,24.8,22.2,-5.6,2016,Western,0,0
269,Brooklyn Nets,82,20,62,0.244,48.2,105.8,37.8,85.2,44.4,10.7,31.6,33.8,19.4,24.6,78.8,8.8,35.1,43.9,21.4,16.5,7.2,4.7,5.6,21.0,20.4,-6.7,2016,Eastern,0,0
270,Houston Rockets,82,65,17,0.7929999999999999,48.2,112.4,38.7,84.2,46.0,15.3,42.3,36.2,19.6,25.1,78.1,9.0,34.5,43.5,21.5,13.8,8.5,4.8,4.4,19.5,20.4,8.5,2017,Western,1,0
271,Toronto Raptors,82,59,23,0.72,48.4,111.7,41.3,87.4,47.2,11.8,33.0,35.8,17.3,21.8,79.4,9.8,34.2,44.0,24.3,13.4,7.6,6.1,4.9,21.7,19.9,7.8,2017,Eastern,1,0
272,Golden State Warriors,82,58,24,0.7070000000000001,48.1,113.5,42.8,85.1,50.3,11.3,28.9,39.1,16.6,20.3,81.5,8.4,35.1,43.5,29.3,15.4,8.0,7.5,3.7,19.6,18.5,6.0,2017,Western,1,1
273,Boston Celtics,82,55,27,0.6709999999999999,48.3,104.0,38.3,85.1,45.0,11.5,30.4,37.7,16.0,20.7,77.1,9.4,35.1,44.5,22.5,14.0,7.4,4.5,4.4,19.7,19.2,3.6,2017,Eastern,1,0
274,Philadelphia 76ers,82,52,30,0.634,48.2,109.8,40.8,86.6,47.2,11.0,29.8,36.9,17.1,22.8,75.2,10.9,36.5,47.4,27.1,16.5,8.3,5.1,5.1,22.1,20.4,4.5,2017,Eastern,1,0
275,Cleveland Cavaliers,82,50,32,0.61,48.1,110.9,40.4,84.8,47.6,12.0,32.1,37.2,18.1,23.3,77.9,8.5,33.7,42.1,23.4,13.7,7.1,3.8,4.1,18.6,20.7,0.9,2017,Eastern,1,0
276,Portland Trail Blazers,82,49,33,0.598,48.2,105.6,39.3,87.0,45.2,10.3,28.1,36.6,16.7,20.9,80.0,10.2,35.3,45.5,19.5,13.5,7.0,5.2,5.1,19.5,19.1,2.6,2017,Western,1,0
277,Indiana Pacers,82,48,34,0.585,48.2,105.6,40.8,86.4,47.2,9.0,24.5,36.9,14.9,19.2,77.9,9.6,32.7,42.3,22.2,13.3,8.8,4.1,5.2,18.8,18.5,1.4,2017,Eastern,1,0
278,Oklahoma City Thunder,82,48,34,0.585,48.4,107.9,39.9,88.1,45.3,10.7,30.4,35.4,17.3,24.2,71.6,12.5,32.6,45.1,21.3,14.0,9.1,5.0,4.6,20.2,21.3,3.4,2017,Western,1,0
279,New Orleans Pelicans,82,48,34,0.585,48.7,111.7,42.7,88.3,48.3,10.2,28.2,36.2,16.1,20.9,77.2,8.7,35.7,44.3,26.8,14.9,8.0,5.9,4.2,19.1,20.4,1.3,2017,Western,1,0
280,Utah Jazz,82,48,34,0.585,48.2,104.1,38.3,82.9,46.2,10.8,29.6,36.6,16.8,21.5,77.9,9.0,34.2,43.3,22.4,14.7,8.6,5.1,4.6,19.6,20.5,4.3,2017,Western,1,0
281,San Antonio Spurs,82,47,35,0.573,48.1,102.7,39.0,85.4,45.7,8.5,24.1,35.2,16.1,20.9,77.2,10.4,33.9,44.2,22.8,13.1,7.7,5.6,3.9,17.2,19.7,2.9,2017,Western,1,0
282,Minnesota Timberwolves,82,47,35,0.573,48.3,109.5,41.0,86.1,47.6,8.0,22.5,35.7,19.4,24.1,80.4,10.3,31.6,42.0,22.7,12.5,8.4,4.2,4.7,18.2,20.9,2.2,2017,Western,1,0
283,Denver Nuggets,82,46,36,0.561,48.5,110.0,40.7,86.6,47.0,11.5,30.9,37.1,17.1,22.3,76.7,11.0,33.5,44.5,25.1,15.0,7.6,4.9,4.8,18.7,20.7,1.5,2017,Western,0,0
284,Miami Heat,82,44,38,0.537,48.6,103.4,38.8,85.3,45.5,11.0,30.6,36.0,14.7,19.5,75.5,9.3,34.2,43.5,22.7,14.4,7.6,5.3,4.6,20.1,19.4,0.5,2017,Eastern,1,0
285,Milwaukee Bucks,82,44,38,0.537,48.4,106.5,39.7,83.0,47.8,8.8,24.7,35.5,18.3,23.4,78.3,8.4,31.5,39.8,23.2,13.8,8.8,5.4,4.5,21.4,19.9,-0.3,2017,Eastern,1,0
286,Washington Wizards,82,43,39,0.524,48.4,106.6,39.9,85.6,46.7,9.9,26.5,37.5,16.8,21.8,77.2,10.0,33.1,43.1,25.2,14.6,7.9,4.3,4.7,21.3,20.0,0.6,2017,Eastern,1,0
287,Los Angeles Clippers,82,42,40,0.512,48.1,109.0,40.3,85.4,47.1,9.5,26.8,35.4,19.0,25.5,74.3,10.1,33.7,43.9,22.3,14.7,7.6,4.5,5.6,20.0,22.0,0.0,2017,Western,0,0
288,Detroit Pistons,82,39,43,0.47600000000000003,48.3,103.8,39.1,86.9,45.0,10.8,28.9,37.3,14.7,19.8,74.5,10.1,33.6,43.7,22.8,13.5,7.7,3.9,4.9,18.4,18.4,-0.1,2017,Eastern,0,0
289,Charlotte Hornets,82,36,46,0.439,48.2,108.2,39.0,86.7,45.0,10.0,27.2,36.9,20.2,27.0,74.7,10.1,35.4,45.5,21.6,12.7,6.8,4.5,4.9,17.2,22.4,0.3,2017,Eastern,0,0
290,Los Angeles Lakers,82,35,47,0.42700000000000005,48.5,108.1,40.7,88.4,46.1,10.0,29.1,34.5,16.6,23.3,71.4,10.7,35.7,46.4,23.8,15.8,7.7,4.7,5.5,21.2,20.5,-1.5,2017,Western,0,0
291,New York Knicks,82,29,53,0.354,48.4,104.5,40.7,87.7,46.4,8.2,23.3,35.2,14.9,19.0,78.7,10.5,33.6,44.0,23.3,14.7,6.7,5.1,4.7,20.5,18.4,-3.6,2017,Eastern,0,0
292,Brooklyn Nets,82,28,54,0.341,48.4,106.6,38.2,86.8,44.1,12.7,35.7,35.6,17.4,22.6,77.2,9.7,34.8,44.4,23.7,15.2,6.2,4.8,5.5,20.6,19.7,-3.7,2017,Eastern,0,0
293,Sacramento Kings,82,27,55,0.32899999999999996,48.2,98.8,38.8,86.1,45.0,9.0,24.0,37.5,12.3,16.7,73.5,9.5,31.4,40.9,21.6,13.7,7.8,4.1,4.7,20.0,17.3,-7.0,2017,Western,0,0
294,Chicago Bulls,82,27,55,0.32899999999999996,48.4,102.9,38.7,88.8,43.5,11.0,31.1,35.5,14.6,19.2,75.8,9.6,35.0,44.7,23.5,14.0,7.6,3.5,5.2,19.2,17.4,-7.0,2017,Eastern,0,0
295,Orlando Magic,82,25,57,0.305,48.1,103.4,38.8,85.9,45.2,10.3,29.3,35.1,15.5,20.5,75.7,8.8,32.8,41.6,23.4,14.5,7.6,4.9,4.9,19.3,19.0,-4.8,2017,Eastern,0,0
296,Dallas Mavericks,82,24,58,0.293,48.3,102.3,38.1,85.9,44.4,11.8,32.8,36.0,14.2,18.7,76.3,8.1,33.1,41.3,22.7,12.3,7.0,3.8,4.5,19.2,19.6,-3.0,2017,Western,0,0
297,Atlanta Hawks,82,24,58,0.293,48.1,103.4,38.2,85.5,44.6,11.2,31.0,36.0,15.8,20.2,78.5,9.1,32.8,41.9,23.7,15.6,7.8,4.2,5.5,19.6,20.3,-5.5,2017,Eastern,0,0
298,Memphis Grizzlies,82,22,60,0.268,48.1,99.3,36.7,82.8,44.4,9.2,26.2,35.2,16.6,21.1,78.6,9.5,31.0,40.5,21.5,15.0,7.5,4.8,5.1,23.2,20.4,-6.2,2017,Western,0,0
299,Phoenix Suns,82,21,61,0.256,48.1,103.9,38.5,87.1,44.2,9.3,27.9,33.4,17.7,23.9,74.1,10.3,33.9,44.1,21.3,15.7,6.9,4.5,6.0,22.0,20.9,-9.4,2017,Western,0,0
